trade_date,label,source
2009-01-01,Confraternização Universal,ANBIMA_feriados_nacionais_xls
2009-02-23,Carnaval,ANBIMA_feriados_nacionais_xls
2009-02-24,Carnaval,ANBIMA_feriados_nacionais_xls
2009-04-10,Paixão de Cristo,ANBIMA_feriados_nacionais_xls
2009-04-21,Tiradentes,ANBIMA_feriados_nacionais_xls
2009-05-01,Dia do Trabalho,ANBIMA_feriados_nacionais_xls
2009-06-11,Corpus Christi,ANBIMA_feriados_nacionais_xls
2009-09-07,Independência do Brasil,ANBIMA_feriados_nacionais_xls
2009-10-12,Nossa Sr.a Aparecida - Padroeira do Brasil,ANBIMA_feriados_nacionais_xls
2009-11-02,Finados,ANBIMA_feriados_nacionais_xls
2009-11-15,Proclamação da República,ANBIMA_feriados_nacionais_xls
2009-12-25,Natal,ANBIMA_feriados_nacionais_xls
2010-01-01,Confraternização Universal,ANBIMA_feriados_nacionais_xls
2010-02-15,Carnaval,ANBIMA_feriados_nacionais_xls
2010-02-16,Carnaval,ANBIMA_feriados_nacionais_xls
2010-04-02,Paixão de Cristo,ANBIMA_feriados_nacionais_xls
2010-04-21,Tiradentes,ANBIMA_feriados_nacionais_xls
2010-05-01,Dia do Trabalho,ANBIMA_feriados_nacionais_xls
2010-06-03,Corpus Christi,ANBIMA_feriados_nacionais_xls
2010-09-07,Independência do Brasil,ANBIMA_feriados_nacionais_xls
2010-10-12,Nossa Sr.a Aparecida - Padroeira do Brasil,ANBIMA_feriados_nacionais_xls
2010-11-02,Finados,ANBIMA_feriados_nacionais_xls
2010-11-15,Proclamação da República,ANBIMA_feriados_nacionais_xls
2010-12-25,Natal,ANBIMA_feriados_nacionais_xls
2011-01-01,Confraternização Universal,ANBIMA_feriados_nacionais_xls
2011-03-07,Carnaval,ANBIMA_feriados_nacionais_xls
2011-03-08,Carnaval,ANBIMA_feriados_nacionais_xls
2011-04-21,Tiradentes,ANBIMA_feriados_nacionais_xls
2011-04-22,Paixão de Cristo,ANBIMA_feriados_nacionais_xls
2011-05-01,Dia do Trabalho,ANBIMA_feriados_nacionais_xls
2011-06-23,Corpus Christi,ANBIMA_feriados_nacionais_xls
2011-09-07,Independência do Brasil,ANBIMA_feriados_nacionais_xls
2011-10-12,Nossa Sr.a Aparecida - Padroeira do Brasil,ANBIMA_feriados_nacionais_xls
2011-11-02,Finados,ANBIMA_feriados_nacionais_xls
2011-11-15,Proclamação da República,ANBIMA_feriados_nacionais_xls
2011-12-25,Natal,ANBIMA_feriados_nacionais_xls
2012-01-01,Confraternização Universal,ANBIMA_feriados_nacionais_xls
2012-02-20,Carnaval,ANBIMA_feriados_nacionais_xls
2012-02-21,Carnaval,ANBIMA_feriados_nacionais_xls
2012-04-06,Paixão de Cristo,ANBIMA_feriados_nacionais_xls
2012-04-21,Tiradentes,ANBIMA_feriados_nacionais_xls
2012-05-01,Dia do Trabalho,ANBIMA_feriados_nacionais_xls
2012-06-07,Corpus Christi,ANBIMA_feriados_nacionais_xls
2012-09-07,Independência do Brasil,ANBIMA_feriados_nacionais_xls
2012-10-12,Nossa Sr.a Aparecida - Padroeira do Brasil,ANBIMA_feriados_nacionais_xls
2012-11-02,Finados,ANBIMA_feriados_nacionais_xls
2012-11-15,Proclamação da República,ANBIMA_feriados_nacionais_xls
2012-12-25,Natal,ANBIMA_feriados_nacionais_xls
2013-01-01,Confraternização Universal,ANBIMA_feriados_nacionais_xls
2013-02-11,Carnaval,ANBIMA_feriados_nacionais_xls
2013-02-12,Carnaval,ANBIMA_feriados_nacionais_xls
2013-03-29,Paixão de Cristo,ANBIMA_feriados_nacionais_xls
2013-04-21,Tiradentes,ANBIMA_feriados_nacionais_xls
2013-05-01,Dia do Trabalho,ANBIMA_feriados_nacionais_xls
2013-05-30,Corpus Christi,ANBIMA_feriados_nacionais_xls
2013-09-07,Independência do Brasil,ANBIMA_feriados_nacionais_xls
2013-10-12,Nossa Sr.a Aparecida - Padroeira do Brasil,ANBIMA_feriados_nacionais_xls
2013-11-02,Finados,ANBIMA_feriados_nacionais_xls
2013-11-15,Proclamação da República,ANBIMA_feriados_nacionais_xls
2013-12-25,Natal,ANBIMA_feriados_nacionais_xls
2014-01-01,Confraternização Universal,ANBIMA_feriados_nacionais_xls
2014-03-03,Carnaval,ANBIMA_feriados_nacionais_xls
2014-03-04,Carnaval,ANBIMA_feriados_nacionais_xls
2014-04-18,Paixão de Cristo,ANBIMA_feriados_nacionais_xls
2014-04-21,Tiradentes,ANBIMA_feriados_nacionais_xls
2014-05-01,Dia do Trabalho,ANBIMA_feriados_nacionais_xls
2014-06-19,Corpus Christi,ANBIMA_feriados_nacionais_xls
2014-09-07,Independência do Brasil,ANBIMA_feriados_nacionais_xls
2014-10-12,Nossa Sr.a Aparecida - Padroeira do Brasil,ANBIMA_feriados_nacionais_xls
2014-11-02,Finados,ANBIMA_feriados_nacionais_xls
2014-11-15,Proclamação da República,ANBIMA_feriados_nacionais_xls
2014-12-25,Natal,ANBIMA_feriados_nacionais_xls
2015-01-01,Confraternização Universal,ANBIMA_feriados_nacionais_xls
2015-02-16,Carnaval,ANBIMA_feriados_nacionais_xls
2015-02-17,Carnaval,ANBIMA_feriados_nacionais_xls
2015-04-03,Paixão de Cristo,ANBIMA_feriados_nacionais_xls
2015-04-21,Tiradentes,ANBIMA_feriados_nacionais_xls
2015-05-01,Dia do Trabalho,ANBIMA_feriados_nacionais_xls
2015-06-04,Corpus Christi,ANBIMA_feriados_nacionais_xls
2015-09-07,Independência do Brasil,ANBIMA_feriados_nacionais_xls
2015-10-12,Nossa Sr.a Aparecida - Padroeira do Brasil,ANBIMA_feriados_nacionais_xls
2015-11-02,Finados,ANBIMA_feriados_nacionais_xls
2015-11-15,Proclamação da República,ANBIMA_feriados_nacionais_xls
2015-12-25,Natal,ANBIMA_feriados_nacionais_xls
2016-01-01,Confraternização Universal,ANBIMA_feriados_nacionais_xls
2016-02-08,Carnaval,ANBIMA_feriados_nacionais_xls
2016-02-09,Carnaval,ANBIMA_feriados_nacionais_xls
2016-03-25,Paixão de Cristo,ANBIMA_feriados_nacionais_xls
2016-04-21,Tiradentes,ANBIMA_feriados_nacionais_xls
2016-05-01,Dia do Trabalho,ANBIMA_feriados_nacionais_xls
2016-05-26,Corpus Christi,ANBIMA_feriados_nacionais_xls
2016-09-07,Independência do Brasil,ANBIMA_feriados_nacionais_xls
2016-10-12,Nossa Sr.a Aparecida - Padroeira do Brasil,ANBIMA_feriados_nacionais_xls
2016-11-02,Finados,ANBIMA_feriados_nacionais_xls
2016-11-15,Proclamação da República,ANBIMA_feriados_nacionais_xls
2016-12-25,Natal,ANBIMA_feriados_nacionais_xls
2017-01-01,Confraternização Universal,ANBIMA_feriados_nacionais_xls
2017-02-27,Carnaval,ANBIMA_feriados_nacionais_xls
2017-02-28,Carnaval,ANBIMA_feriados_nacionais_xls
2017-04-14,Paixão de Cristo,ANBIMA_feriados_nacionais_xls
2017-04-21,Tiradentes,ANBIMA_feriados_nacionais_xls
2017-05-01,Dia do Trabalho,ANBIMA_feriados_nacionais_xls
2017-06-15,Corpus Christi,ANBIMA_feriados_nacionais_xls
2017-09-07,Independência do Brasil,ANBIMA_feriados_nacionais_xls
2017-10-12,Nossa Sr.a Aparecida - Padroeira do Brasil,ANBIMA_feriados_nacionais_xls
2017-11-02,Finados,ANBIMA_feriados_nacionais_xls
2017-11-15,Proclamação da República,ANBIMA_feriados_nacionais_xls
2017-12-25,Natal,ANBIMA_feriados_nacionais_xls
2018-01-01,Confraternização Universal,ANBIMA_feriados_nacionais_xls
2018-02-12,Carnaval,ANBIMA_feriados_nacionais_xls
2018-02-13,Carnaval,ANBIMA_feriados_nacionais_xls
2018-03-30,Paixão de Cristo,ANBIMA_feriados_nacionais_xls
2018-04-21,Tiradentes,ANBIMA_feriados_nacionais_xls
2018-05-01,Dia do Trabalho,ANBIMA_feriados_nacionais_xls
2018-05-31,Corpus Christi,ANBIMA_feriados_nacionais_xls
2018-09-07,Independência do Brasil,ANBIMA_feriados_nacionais_xls
2018-10-12,Nossa Sr.a Aparecida - Padroeira do Brasil,ANBIMA_feriados_nacionais_xls
2018-11-02,Finados,ANBIMA_feriados_nacionais_xls
2018-11-15,Proclamação da República,ANBIMA_feriados_nacionais_xls
2018-12-25,Natal,ANBIMA_feriados_nacionais_xls
2019-01-01,Confraternização Universal,ANBIMA_feriados_nacionais_xls
2019-03-04,Carnaval,ANBIMA_feriados_nacionais_xls
2019-03-05,Carnaval,ANBIMA_feriados_nacionais_xls
2019-04-19,Paixão de Cristo,ANBIMA_feriados_nacionais_xls
2019-04-21,Tiradentes,ANBIMA_feriados_nacionais_xls
2019-05-01,Dia do Trabalho,ANBIMA_feriados_nacionais_xls
2019-06-20,Corpus Christi,ANBIMA_feriados_nacionais_xls
2019-09-07,Independência do Brasil,ANBIMA_feriados_nacionais_xls
2019-10-12,Nossa Sr.a Aparecida - Padroeira do Brasil,ANBIMA_feriados_nacionais_xls
2019-11-02,Finados,ANBIMA_feriados_nacionais_xls
2019-11-15,Proclamação da República,ANBIMA_feriados_nacionais_xls
2019-12-25,Natal,ANBIMA_feriados_nacionais_xls
2020-01-01,Confraternização Universal,ANBIMA_feriados_nacionais_xls
2020-02-24,Carnaval,ANBIMA_feriados_nacionais_xls
2020-02-25,Carnaval,ANBIMA_feriados_nacionais_xls
2020-04-10,Paixão de Cristo,ANBIMA_feriados_nacionais_xls
2020-04-21,Tiradentes,ANBIMA_feriados_nacionais_xls
2020-05-01,Dia do Trabalho,ANBIMA_feriados_nacionais_xls
2020-06-11,Corpus Christi,ANBIMA_feriados_nacionais_xls
2020-09-07,Independência do Brasil,ANBIMA_feriados_nacionais_xls
2020-10-12,Nossa Sr.a Aparecida - Padroeira do Brasil,ANBIMA_feriados_nacionais_xls
2020-11-02,Finados,ANBIMA_feriados_nacionais_xls
2020-11-15,Proclamação da República,ANBIMA_feriados_nacionais_xls
2020-12-25,Natal,ANBIMA_feriados_nacionais_xls
2021-01-01,Confraternização Universal,ANBIMA_feriados_nacionais_xls
2021-02-15,Carnaval,ANBIMA_feriados_nacionais_xls
2021-02-16,Carnaval,ANBIMA_feriados_nacionais_xls
2021-04-02,Paixão de Cristo,ANBIMA_feriados_nacionais_xls
2021-04-21,Tiradentes,ANBIMA_feriados_nacionais_xls
2021-05-01,Dia do Trabalho,ANBIMA_feriados_nacionais_xls
2021-06-03,Corpus Christi,ANBIMA_feriados_nacionais_xls
2021-09-07,Independência do Brasil,ANBIMA_feriados_nacionais_xls
2021-10-12,Nossa Sr.a Aparecida - Padroeira do Brasil,ANBIMA_feriados_nacionais_xls
2021-11-02,Finados,ANBIMA_feriados_nacionais_xls
2021-11-15,Proclamação da República,ANBIMA_feriados_nacionais_xls
2021-12-25,Natal,ANBIMA_feriados_nacionais_xls
2022-01-01,Confraternização Universal,ANBIMA_feriados_nacionais_xls
2022-02-28,Carnaval,ANBIMA_feriados_nacionais_xls
2022-03-01,Carnaval,ANBIMA_feriados_nacionais_xls
2022-04-15,Paixão de Cristo,ANBIMA_feriados_nacionais_xls
2022-04-21,Tiradentes,ANBIMA_feriados_nacionais_xls
2022-05-01,Dia do Trabalho,ANBIMA_feriados_nacionais_xls
2022-06-16,Corpus Christi,ANBIMA_feriados_nacionais_xls
2022-09-07,Independência do Brasil,ANBIMA_feriados_nacionais_xls
2022-10-12,Nossa Sr.a Aparecida - Padroeira do Brasil,ANBIMA_feriados_nacionais_xls
2022-11-02,Finados,ANBIMA_feriados_nacionais_xls
2022-11-15,Proclamação da República,ANBIMA_feriados_nacionais_xls
2022-12-25,Natal,ANBIMA_feriados_nacionais_xls
2023-01-01,Confraternização Universal,ANBIMA_feriados_nacionais_xls
2023-02-20,Carnaval,ANBIMA_feriados_nacionais_xls
2023-02-21,Carnaval,ANBIMA_feriados_nacionais_xls
2023-04-07,Paixão de Cristo,ANBIMA_feriados_nacionais_xls
2023-04-21,Tiradentes,ANBIMA_feriados_nacionais_xls
2023-05-01,Dia do Trabalho,ANBIMA_feriados_nacionais_xls
2023-06-08,Corpus Christi,ANBIMA_feriados_nacionais_xls
2023-09-07,Independência do Brasil,ANBIMA_feriados_nacionais_xls
2023-10-12,Nossa Sr.a Aparecida - Padroeira do Brasil,ANBIMA_feriados_nacionais_xls
2023-11-02,Finados,ANBIMA_feriados_nacionais_xls
2023-11-15,Proclamação da República,ANBIMA_feriados_nacionais_xls
2023-12-25,Natal,ANBIMA_feriados_nacionais_xls
2024-01-01,Confraternização Universal,ANBIMA_feriados_nacionais_xls
2024-02-12,Carnaval,ANBIMA_feriados_nacionais_xls
2024-02-13,Carnaval,ANBIMA_feriados_nacionais_xls
2024-03-29,Paixão de Cristo,ANBIMA_feriados_nacionais_xls
2024-04-21,Tiradentes,ANBIMA_feriados_nacionais_xls
2024-05-01,Dia do Trabalho,ANBIMA_feriados_nacionais_xls
2024-05-30,Corpus Christi,ANBIMA_feriados_nacionais_xls
2024-09-07,Independência do Brasil,ANBIMA_feriados_nacionais_xls
2024-10-12,Nossa Sr.a Aparecida - Padroeira do Brasil,ANBIMA_feriados_nacionais_xls
2024-11-02,Finados,ANBIMA_feriados_nacionais_xls
2024-11-15,Proclamação da República,ANBIMA_feriados_nacionais_xls
2024-11-20,Dia Nacional de Zumbi e da Consciência Negra,ANBIMA_feriados_nacionais_xls
2024-12-25,Natal,ANBIMA_feriados_nacionais_xls
2025-01-01,Confraternização Universal,ANBIMA_feriados_nacionais_xls
2025-03-03,Carnaval,ANBIMA_feriados_nacionais_xls
2025-03-04,Carnaval,ANBIMA_feriados_nacionais_xls
2025-04-18,Paixão de Cristo,ANBIMA_feriados_nacionais_xls
2025-04-21,Tiradentes,ANBIMA_feriados_nacionais_xls
2025-05-01,Dia do Trabalho,ANBIMA_feriados_nacionais_xls
2025-06-19,Corpus Christi,ANBIMA_feriados_nacionais_xls
2025-09-07,Independência do Brasil,ANBIMA_feriados_nacionais_xls
2025-10-12,Nossa Sr.a Aparecida - Padroeira do Brasil,ANBIMA_feriados_nacionais_xls
2025-11-02,Finados,ANBIMA_feriados_nacionais_xls
2025-11-15,Proclamação da República,ANBIMA_feriados_nacionais_xls
2025-11-20,Dia Nacional de Zumbi e da Consciência Negra,ANBIMA_feriados_nacionais_xls
2025-12-25,Natal,ANBIMA_feriados_nacionais_xls
2026-01-01,Confraternização Universal,ANBIMA_feriados_nacionais_xls
2026-02-16,Carnaval,ANBIMA_feriados_nacionais_xls
2026-02-17,Carnaval,ANBIMA_feriados_nacionais_xls
2026-04-03,Paixão de Cristo,ANBIMA_feriados_nacionais_xls
2026-04-21,Tiradentes,ANBIMA_feriados_nacionais_xls
2026-05-01,Dia do Trabalho,ANBIMA_feriados_nacionais_xls
2026-06-04,Corpus Christi,ANBIMA_feriados_nacionais_xls
2026-09-07,Independência do Brasil,ANBIMA_feriados_nacionais_xls
2026-10-12,Nossa Sr.a Aparecida - Padroeira do Brasil,ANBIMA_feriados_nacionais_xls
2026-11-02,Finados,ANBIMA_feriados_nacionais_xls
2026-11-15,Proclamação da República,ANBIMA_feriados_nacionais_xls
2026-11-20,Dia Nacional de Zumbi e da Consciência Negra,ANBIMA_feriados_nacionais_xls
2026-12-25,Natal,ANBIMA_feriados_nacionais_xls
